{"cameraMode":{"drawMode":0,"name":"Shaded","section":"Shading Mode"},"sceneLighting":true,"audioPlay":false,"sceneViewState":{"showFog":true,"showMaterialUpdate":false,"showSkybox":true,"showFlares":true,"showImageEffects":true,"showParticleSystems":true},"in2DMode":false,"pivot":{"x":0.04558396339416504,"y":-1.0675981044769288,"z":0.6109573841094971},"rotation":{"x":-0.25493937730789187,"y":0.27022579312324526,"z":-0.07444246113300324,"w":-0.9254488945007324},"size":2.327319383621216,"orthographic":false}